﻿<?xml version="1.0" encoding="utf-8"?>
<!--Kirara Settings-->
<KiraraSettings>
    <EncSetFrm_OutFComboBox>[MP4]</EncSetFrm_OutFComboBox>
    <EncSetFrm_VideoCodecComboBox>H.264(AVC) x264 core</EncSetFrm_VideoCodecComboBox>
    <EncSetFrm_VideoModeComboBox>[2PASS-CBR]</EncSetFrm_VideoModeComboBox>
    <EncSetFrm_BitrateComboBox>500</EncSetFrm_BitrateComboBox>
    <EncSetFrm_QuantizerNumericUpDown>2.5</EncSetFrm_QuantizerNumericUpDown>
    <EncSetFrm_QuantizerCQPNumericUpDown>23</EncSetFrm_QuantizerCQPNumericUpDown>
    <EncSetFrm_QualityNumericUpDown>23</EncSetFrm_QualityNumericUpDown>
    <EncSetFrm_FramerateComboBox>15</EncSetFrm_FramerateComboBox>
    <EncSetFrm_FramerateCheckBox>False</EncSetFrm_FramerateCheckBox>
    <EncSetFrm_AdvanOptsCheckBox>True</EncSetFrm_AdvanOptsCheckBox>
    <EncSetFrm_GOPSizeCheckBox>True</EncSetFrm_GOPSizeCheckBox>
    <EncSetFrm_GOPSizeTextBox>250</EncSetFrm_GOPSizeTextBox>
    <EncSetFrm_MinGOPSizeTextBox>23</EncSetFrm_MinGOPSizeTextBox>
    <EncSetFrm_PSPMP4CheckBox>False</EncSetFrm_PSPMP4CheckBox>
    <EncSetFrm_FFFPSDOCheckBox>True</EncSetFrm_FFFPSDOCheckBox>
    <EncSetFrm_CCMP4CheckBox>False</EncSetFrm_CCMP4CheckBox>
    <EncSetFrm_KeyframeNumericUpDown>3</EncSetFrm_KeyframeNumericUpDown>
    <EncSetFrm_KeyframeIntervalCheckBox>False</EncSetFrm_KeyframeIntervalCheckBox>
    <EncSetFrm_ImageSizeComboBox>320 x 240 - QVGA</EncSetFrm_ImageSizeComboBox>
    <EncSetFrm_ImageSizeWidthTextBox>320</EncSetFrm_ImageSizeWidthTextBox>
    <EncSetFrm_ImageSizeHeightTextBox>240</EncSetFrm_ImageSizeHeightTextBox>
    <EncSetFrm_ImageSizeCheckBox>False</EncSetFrm_ImageSizeCheckBox>
    <EncSetFrm_FFmpegResizeFilterComboBox>Lanczos</EncSetFrm_FFmpegResizeFilterComboBox>
    <EncSetFrm_AspectComboBox>LangCls.EncSetNoKeepAspectComboBox</EncSetFrm_AspectComboBox>
    <EncSetFrm_AspectComboBox2>LangCls.EncSetOutputAspectComboBox2</EncSetFrm_AspectComboBox2>
    <EncSetFrm_AspectWTextBox>0</EncSetFrm_AspectWTextBox>
    <EncSetFrm_AspectHTextBox>0</EncSetFrm_AspectHTextBox>
    <EncSetFrm_WACheckBox>False</EncSetFrm_WACheckBox>
    <EncSetFrm_HACheckBox>False</EncSetFrm_HACheckBox>
    <EncSetFrm_DARCheckBox>True</EncSetFrm_DARCheckBox>
    <EncSetFrm_VSYNCComboBox>AUTO</EncSetFrm_VSYNCComboBox>
    <EncSetFrm_hueCheckBox>False</EncSetFrm_hueCheckBox>
    <EncSetFrm_eq2CheckBox>False</EncSetFrm_eq2CheckBox>
    <EncSetFrm_hueNumericUpDown>0</EncSetFrm_hueNumericUpDown>
    <EncSetFrm_saturationNumericUpDown>1</EncSetFrm_saturationNumericUpDown>
    <EncSetFrm_gammaNumericUpDown>1</EncSetFrm_gammaNumericUpDown>
    <EncSetFrm_contrastNumericUpDown>1</EncSetFrm_contrastNumericUpDown>
    <EncSetFrm_brightnessNumericUpDown>0</EncSetFrm_brightnessNumericUpDown>
    <EncSetFrm_FFmpegImageUnsharpCheckBox>False</EncSetFrm_FFmpegImageUnsharpCheckBox>
    <EncSetFrm_LumaMatrixHSNumericUpDown2>5</EncSetFrm_LumaMatrixHSNumericUpDown2>
    <EncSetFrm_LumaMatrixVSNumericUpDown2>5</EncSetFrm_LumaMatrixVSNumericUpDown2>
    <EncSetFrm_LumaEffectSNumericUpDown2>0</EncSetFrm_LumaEffectSNumericUpDown2>
    <EncSetFrm_ChromaMatrixHSNumericUpDown3>5</EncSetFrm_ChromaMatrixHSNumericUpDown3>
    <EncSetFrm_ChromaMatrixVSNumericUpDown3>5</EncSetFrm_ChromaMatrixVSNumericUpDown3>
    <EncSetFrm_ChromaEffectSNumericUpDown2>0</EncSetFrm_ChromaEffectSNumericUpDown2>
    <EncSetFrm_hflipCheckBox>False</EncSetFrm_hflipCheckBox>
    <EncSetFrm_vflipCheckBox>False</EncSetFrm_vflipCheckBox>
    <EncSetFrm_FFTurnCheckBox>False</EncSetFrm_FFTurnCheckBox>
    <EncSetFrm_FFTurnLeftRadioButton>True</EncSetFrm_FFTurnLeftRadioButton>
    <EncSetFrm_FFTurnRightRadioButton>False</EncSetFrm_FFTurnRightRadioButton>
    <EncSetFrm_FFVerticallyCheckBox>False</EncSetFrm_FFVerticallyCheckBox>
    <EncSetFrm_DeinterlaceCheckBox>False</EncSetFrm_DeinterlaceCheckBox>
    <EncSetFrm_DeinterlaceModeComboBox>0 - output 1 frame for each frame</EncSetFrm_DeinterlaceModeComboBox>
    <EncSetFrm_DeinterlaceParityComboBox>Automatic Detection</EncSetFrm_DeinterlaceParityComboBox>
    <EncSetFrm_yadifdeintComboBox>All</EncSetFrm_yadifdeintComboBox>
    <EncSetFrm_hqdn3dUseCheckBox>False</EncSetFrm_hqdn3dUseCheckBox>
    <EncSetFrm_hqdn3dAutomodeCheckBox>True</EncSetFrm_hqdn3dAutomodeCheckBox>
    <EncSetFrm_hqdn3d_auto_NumericUpDown>4</EncSetFrm_hqdn3d_auto_NumericUpDown>
    <EncSetFrm_hqdn3d_manual_TextBox>4:3:6:4.5</EncSetFrm_hqdn3d_manual_TextBox>
    <EncSetFrm_gradfunCheckBox>False</EncSetFrm_gradfunCheckBox>
    <EncSetFrm_gradfun_strengthNumericUpDown>1.2</EncSetFrm_gradfun_strengthNumericUpDown>
    <EncSetFrm_gradfun_radiusNumericUpDown>16</EncSetFrm_gradfun_radiusNumericUpDown>
    <EncSetFrm_deshakeXTextBox>-1</EncSetFrm_deshakeXTextBox>
    <EncSetFrm_deshakeYTextBox>-1</EncSetFrm_deshakeYTextBox>
    <EncSetFrm_deshakeWTextBox>-1</EncSetFrm_deshakeWTextBox>
    <EncSetFrm_deshakeHTextBox>-1</EncSetFrm_deshakeHTextBox>
    <EncSetFrm_deshakeRXNumericUpDown>16</EncSetFrm_deshakeRXNumericUpDown>
    <EncSetFrm_deshakeRYNumericUpDown>16</EncSetFrm_deshakeRYNumericUpDown>
    <EncSetFrm_deshakeEDGEComboBox>3 - Mirrored edge at blank locations(Default)</EncSetFrm_deshakeEDGEComboBox>
    <EncSetFrm_deshakeBLOCKSIZENumericUpDown>8</EncSetFrm_deshakeBLOCKSIZENumericUpDown>
    <EncSetFrm_deshakeCONTRASTNumericUpDown>125</EncSetFrm_deshakeCONTRASTNumericUpDown>
    <EncSetFrm_deshakeSEARCHComboBox2>0 - exhaustive search(Default)</EncSetFrm_deshakeSEARCHComboBox2>
    <EncSetFrm_deshakeCheckBox>False</EncSetFrm_deshakeCheckBox>
    <EncSetFrm_pphbCheckBox>False</EncSetFrm_pphbCheckBox>
    <EncSetFrm_ppvbCheckBox>False</EncSetFrm_ppvbCheckBox>
    <EncSetFrm_pphaCheckBox>False</EncSetFrm_pphaCheckBox>
    <EncSetFrm_ppvaCheckBox>False</EncSetFrm_ppvaCheckBox>
    <EncSetFrm_pph1CheckBox>False</EncSetFrm_pph1CheckBox>
    <EncSetFrm_ppv1CheckBox>False</EncSetFrm_ppv1CheckBox>
    <EncSetFrm_pptnCheckBox>False</EncSetFrm_pptnCheckBox>
    <EncSetFrm_ppalCheckBox>False</EncSetFrm_ppalCheckBox>
    <EncSetFrm_ppalfCheckBox>False</EncSetFrm_ppalfCheckBox>
    <EncSetFrm_ppfqCheckBox>False</EncSetFrm_ppfqCheckBox>
    <EncSetFrm_ppddiffTextBox>32</EncSetFrm_ppddiffTextBox>
    <EncSetFrm_ppdflatTextBox>39</EncSetFrm_ppdflatTextBox>
    <EncSetFrm_ppttTextBox>1:2:3</EncSetFrm_ppttTextBox>
    <EncSetFrm_ppfqTextBox />
    <EncSetFrm_ppdeinCheckBox>False</EncSetFrm_ppdeinCheckBox>
    <EncSetFrm_ppdeinComboBox>lb: Linear blend deinterlacing</EncSetFrm_ppdeinComboBox>
    <EncSetFrm_VFParamTextBox />
    <EncSetFrm_AudioCodecComboBox>FAAC</EncSetFrm_AudioCodecComboBox>
    <EncSetFrm_AudioBitrateComboBox>32</EncSetFrm_AudioBitrateComboBox>
    <EncSetFrm_SamplerateComboBox>44100</EncSetFrm_SamplerateComboBox>
    <EncSetFrm_ResamplerComboBox2>swr</EncSetFrm_ResamplerComboBox2>
    <EncSetFrm_VorbisQNumericUpDown>10</EncSetFrm_VorbisQNumericUpDown>
    <EncSetFrm_AMRBitrateComboBox>12.2</EncSetFrm_AMRBitrateComboBox>
    <EncSetFrm_AMRWBBitrateComboBox>23.85</EncSetFrm_AMRWBBitrateComboBox>
    <EncSetFrm_NeroAACProfileComboBox>AAC LC</EncSetFrm_NeroAACProfileComboBox>
    <EncSetFrm_NeroAACBitrateNumericUpDown>128</EncSetFrm_NeroAACBitrateNumericUpDown>
    <EncSetFrm_NeroAACQNumericUpDown>0.5</EncSetFrm_NeroAACQNumericUpDown>
    <EncSetFrm_NeroAACABRRadioButton>True</EncSetFrm_NeroAACABRRadioButton>
    <EncSetFrm_NeroAACCBRRadioButton>False</EncSetFrm_NeroAACCBRRadioButton>
    <EncSetFrm_NeroAACVBRRadioButton>False</EncSetFrm_NeroAACVBRRadioButton>
    <EncSetFrm_LAMEMP3QNumericUpDown>5</EncSetFrm_LAMEMP3QNumericUpDown>
    <EncSetFrm_LAMEBTComboBox>CBR</EncSetFrm_LAMEBTComboBox>
    <EncSetFrm_LAMEVBRComboBox>VBR Default</EncSetFrm_LAMEVBRComboBox>
    <EncSetFrm_LAMECLComboBox>Auto</EncSetFrm_LAMECLComboBox>
    <EncSetFrm_LAMEChModeComboBox>Joint Stereo</EncSetFrm_LAMEChModeComboBox>
    <EncSetFrm_PCMComboBox>pcm_s16le</EncSetFrm_PCMComboBox>
    <EncSetFrm_ChComboBox>1/0/0 - mono</EncSetFrm_ChComboBox>
    <EncSetFrm_ModCheckBox>False</EncSetFrm_ModCheckBox>
    <EncSetFrm_ReNormCheckBox2>True</EncSetFrm_ReNormCheckBox2>
    <EncSetFrm_AudioVolNumericUpDown2>1</EncSetFrm_AudioVolNumericUpDown2>
    <EncSetFrm_earwaxCheckBox>False</EncSetFrm_earwaxCheckBox>
    <EncSetFrm_ChMatrixValAll>|0.707|||||||||1.41|||||||||0.707|||||||||0.707|||||||||0.707|||||||||0.707|||||||||0|||||||||0.707|||||||||1||||||||</EncSetFrm_ChMatrixValAll>
    <EncSetFrm_VolComboBox>OFF</EncSetFrm_VolComboBox>
    <EncSetFrm_AudioVoldBNumericUpDown>0</EncSetFrm_AudioVoldBNumericUpDown>
    <EncSetFrm_AFParamTextBox />
    <EncSetFrm_SubtitleCheckBox>True</EncSetFrm_SubtitleCheckBox>
    <EncSetFrm_EncComboBox>DEFAULT (1)</EncSetFrm_EncComboBox>
    <EncSetFrm_FontComboBox>C:\Users\Administrator\Desktop\CaxtonStd-Bold.otf</EncSetFrm_FontComboBox>
    <EncSetFrm_SizeUpDown>22</EncSetFrm_SizeUpDown>
    <EncSetFrm_ItalicCheckBox>False</EncSetFrm_ItalicCheckBox>
    <EncSetFrm_BoldCheckBox>True</EncSetFrm_BoldCheckBox>
    <EncSetFrm_PrimaryColourTrackBar>0</EncSetFrm_PrimaryColourTrackBar>
    <EncSetFrm_OutlineColourTrackBar>0</EncSetFrm_OutlineColourTrackBar>
    <EncSetFrm_BackColourTrackBar>128</EncSetFrm_BackColourTrackBar>
    <EncSetFrm_OutlineUpDown>1.5</EncSetFrm_OutlineUpDown>
    <EncSetFrm_ShadowUpDown>2</EncSetFrm_ShadowUpDown>
    <EncSetFrm_BorderStyle1>True</EncSetFrm_BorderStyle1>
    <EncSetFrm_BorderStyle3>False</EncSetFrm_BorderStyle3>
    <EncSetFrm_Alignment5RadioButton>False</EncSetFrm_Alignment5RadioButton>
    <EncSetFrm_Alignment6RadioButton>False</EncSetFrm_Alignment6RadioButton>
    <EncSetFrm_Alignment4RadioButton>False</EncSetFrm_Alignment4RadioButton>
    <EncSetFrm_Alignment9RadioButton>False</EncSetFrm_Alignment9RadioButton>
    <EncSetFrm_Alignment7RadioButton>False</EncSetFrm_Alignment7RadioButton>
    <EncSetFrm_Alignment8RadioButton>False</EncSetFrm_Alignment8RadioButton>
    <EncSetFrm_Alignment1RadioButton>False</EncSetFrm_Alignment1RadioButton>
    <EncSetFrm_Alignment2RadioButton>True</EncSetFrm_Alignment2RadioButton>
    <EncSetFrm_Alignment3RadioButton>False</EncSetFrm_Alignment3RadioButton>
    <EncSetFrm_MarginLNumericUpDown>10</EncSetFrm_MarginLNumericUpDown>
    <EncSetFrm_MarginRNumericUpDown>10</EncSetFrm_MarginRNumericUpDown>
    <EncSetFrm_MarginVNumericUpDown>20</EncSetFrm_MarginVNumericUpDown>
    <EncSetFrm_PrimaryColourPanel>-1</EncSetFrm_PrimaryColourPanel>
    <EncSetFrm_OutlineColourPanel>-16777216</EncSetFrm_OutlineColourPanel>
    <EncSetFrm_BackColourPanel>-16777216</EncSetFrm_BackColourPanel>
    <EncSetFrm_SecondaryColourPanel>-256</EncSetFrm_SecondaryColourPanel>
    <EncSetFrm_SecondaryColourTrackBar>0</EncSetFrm_SecondaryColourTrackBar>
    <EncSetFrm_StrikeOutCheckBox>False</EncSetFrm_StrikeOutCheckBox>
    <EncSetFrm_UnderlineCheckBox>False</EncSetFrm_UnderlineCheckBox>
    <EncSetFrm_SpacingNumericUpDown>0</EncSetFrm_SpacingNumericUpDown>
    <EncSetFrm_AngleNumericUpDown>0</EncSetFrm_AngleNumericUpDown>
    <EncSetFrm_ScaleXNumericUpDown>100</EncSetFrm_ScaleXNumericUpDown>
    <EncSetFrm_ScaleYNumericUpDown>100</EncSetFrm_ScaleYNumericUpDown>
    <EncSetFrm_ResXYCheckBox>False</EncSetFrm_ResXYCheckBox>
    <EncSetFrm_HeaderTextBox>[KIRARA]</EncSetFrm_HeaderTextBox>
    <EncSetFrm_ExtensionTextBox />
    <EncSetFrm_SizeLimitTextBox>60</EncSetFrm_SizeLimitTextBox>
    <EncSetFrm_SizeLimitCheckBox>True</EncSetFrm_SizeLimitCheckBox>
    <EncSetFrm_FFmpegCommandTextBox />
    <EncSetFrm_SizeEncCheckBox>True</EncSetFrm_SizeEncCheckBox>
    <EncSetFrm_SizeEncTextBox>33</EncSetFrm_SizeEncTextBox>
    <EncSetFrm_RemoveMetadataCheckBox>True</EncSetFrm_RemoveMetadataCheckBox>
    <EncSetFrm_RemoveChaptersCheckBox>True</EncSetFrm_RemoveChaptersCheckBox>
    <x264optsFrm_ThreadsNumericUpDown>6</x264optsFrm_ThreadsNumericUpDown>
    <x264optsFrm_ProfileComboBox>Baseline Profile</x264optsFrm_ProfileComboBox>
    <x264optsFrm_LevelComboBox>Unrestricted AutoGuess</x264optsFrm_LevelComboBox>
    <x264optsFrm_SlowfirstpassCheckBox>False</x264optsFrm_SlowfirstpassCheckBox>
    <x264optsFrm_PresetsTrackBar>6</x264optsFrm_PresetsTrackBar>
    <x264optsFrm_TuningsComboBox>Animation</x264optsFrm_TuningsComboBox>
    <x264optsFrm_FastDecodeCheckBox>False</x264optsFrm_FastDecodeCheckBox>
    <x264optsFrm_ZeroLatencyCheckBox>False</x264optsFrm_ZeroLatencyCheckBox>
    <x264optsFrm_DeblockingCheckBox>True</x264optsFrm_DeblockingCheckBox>
    <x264optsFrm_DeblockingAlphaNumericUpDown>1</x264optsFrm_DeblockingAlphaNumericUpDown>
    <x264optsFrm_DeblockingBetaNumericUpDown>1</x264optsFrm_DeblockingBetaNumericUpDown>
    <x264optsFrm_CABACCheckBox>False</x264optsFrm_CABACCheckBox>
    <x264optsFrm_BFramesNumericUpDown>0</x264optsFrm_BFramesNumericUpDown>
    <x264optsFrm_BFrameBiasNumericUpDown>0</x264optsFrm_BFrameBiasNumericUpDown>
    <x264optsFrm_AdaptiveBFramesComboBox>2 - Optimal</x264optsFrm_AdaptiveBFramesComboBox>
    <x264optsFrm_BFramePyramidComboBox>Normal</x264optsFrm_BFramePyramidComboBox>
    <x264optsFrm_BFrameWeightedPredictionCheckBox>True</x264optsFrm_BFrameWeightedPredictionCheckBox>
    <x264optsFrm_ReferenceFramesNumericUpDown>3</x264optsFrm_ReferenceFramesNumericUpDown>
    <x264optsFrm_ExtraIFramesNumericUpDown>40</x264optsFrm_ExtraIFramesNumericUpDown>
    <x264optsFrm_PframeWeightedPredictionComboBox>Smart analysis</x264optsFrm_PframeWeightedPredictionComboBox>
    <x264optsFrm_AdaptiveIFramesDecisionCheckBox>True</x264optsFrm_AdaptiveIFramesDecisionCheckBox>
    <x264optsFrm_OpenGOPCheckBox>False</x264optsFrm_OpenGOPCheckBox>
    <x264optsFrm_SliceNumericUpDown>0</x264optsFrm_SliceNumericUpDown>
    <x264optsFrm_SliceMaxNumericUpDown>0</x264optsFrm_SliceMaxNumericUpDown>
    <x264optsFrm_SliceMaxMbsNumericUpDown>0</x264optsFrm_SliceMaxMbsNumericUpDown>
    <x264optsFrm_InterlacedModeComboBox>None</x264optsFrm_InterlacedModeComboBox>
    <x264optsFrm_SlicedThreadsCheckBox>False</x264optsFrm_SlicedThreadsCheckBox>
    <x264optsFrm_QMinNumericUpDown>0</x264optsFrm_QMinNumericUpDown>
    <x264optsFrm_QMaxNumericUpDown>69</x264optsFrm_QMaxNumericUpDown>
    <x264optsFrm_QDeltaNumericUpDown>4</x264optsFrm_QDeltaNumericUpDown>
    <x264optsFrm_QIPRatioNumericUpDown>1.4</x264optsFrm_QIPRatioNumericUpDown>
    <x264optsFrm_QPBRatioNumericUpDown>1.3</x264optsFrm_QPBRatioNumericUpDown>
    <x264optsFrm_ChromaandLumaQPOffsetNumericUpDown>0</x264optsFrm_ChromaandLumaQPOffsetNumericUpDown>
    <x264optsFrm_VBVBufferSizeNumericUpDown>0</x264optsFrm_VBVBufferSizeNumericUpDown>
    <x264optsFrm_VBVMaximumBitrateNumericUpDown>0</x264optsFrm_VBVMaximumBitrateNumericUpDown>
    <x264optsFrm_VBVInitialBufferNumericUpDown>0.9</x264optsFrm_VBVInitialBufferNumericUpDown>
    <x264optsFrm_AverageBitrateVarianceNumericUpDown>1</x264optsFrm_AverageBitrateVarianceNumericUpDown>
    <x264optsFrm_QuantizerCompressionNumericUpDown>0.7</x264optsFrm_QuantizerCompressionNumericUpDown>
    <x264optsFrm_NumberofFramesforLookaheadNumericUpDown>50</x264optsFrm_NumberofFramesforLookaheadNumericUpDown>
    <x264optsFrm_UseMBTreeCheckBox>True</x264optsFrm_UseMBTreeCheckBox>
    <x264optsFrm_AdaptiveQuantizersModeComboBox>Variance AQ</x264optsFrm_AdaptiveQuantizersModeComboBox>
    <x264optsFrm_AdaptiveQuantizersStrengthNumericUpDown>0.6</x264optsFrm_AdaptiveQuantizersStrengthNumericUpDown>
    <x264optsFrm_TempBlurofestFramecomplexityNumericUpDown>20</x264optsFrm_TempBlurofestFramecomplexityNumericUpDown>
    <x264optsFrm_TempBlurofQuantafterCCNumericUpDown>0.5</x264optsFrm_TempBlurofQuantafterCCNumericUpDown>
    <x264optsFrm_DZInterNumericUpDown>21</x264optsFrm_DZInterNumericUpDown>
    <x264optsFrm_DZIntraNumericUpDown>11</x264optsFrm_DZIntraNumericUpDown>
    <x264optsFrm_QuantMTextBox>Flat (None)</x264optsFrm_QuantMTextBox>
    <x264optsFrm_ChromaMECheckBox>True</x264optsFrm_ChromaMECheckBox>
    <x264optsFrm_MERangeNumericUpDown>16</x264optsFrm_MERangeNumericUpDown>
    <x264optsFrm_MEMethodComboBox>Exhaustive</x264optsFrm_MEMethodComboBox>
    <x264optsFrm_SubpixelMEComboBox>10 - QP-RD (req.Trellis=2, AQ Mode&gt;0)</x264optsFrm_SubpixelMEComboBox>
    <x264optsFrm_MVPredictionModeComboBox>Auto</x264optsFrm_MVPredictionModeComboBox>
    <x264optsFrm_TrellisComboBox>1 - Final MB</x264optsFrm_TrellisComboBox>
    <x264optsFrm_PsyRDStrengthNumericUpDown>0.40</x264optsFrm_PsyRDStrengthNumericUpDown>
    <x264optsFrm_PsyTrellisStrengthNumericUpDown>0</x264optsFrm_PsyTrellisStrengthNumericUpDown>
    <x264optsFrm_NoMixedReferenceFramesCheckBox>False</x264optsFrm_NoMixedReferenceFramesCheckBox>
    <x264optsFrm_NoFastPSkipCheckBox>False</x264optsFrm_NoFastPSkipCheckBox>
    <x264optsFrm_NoPsychovisualEnhancementsCheckBox>True</x264optsFrm_NoPsychovisualEnhancementsCheckBox>
    <x264optsFrm_MacroblocksComboBox>Custom</x264optsFrm_MacroblocksComboBox>
    <x264optsFrm_Adaptive8x8DCTCheckBox>False</x264optsFrm_Adaptive8x8DCTCheckBox>
    <x264optsFrm_I4x4CheckBox>True</x264optsFrm_I4x4CheckBox>
    <x264optsFrm_P4x4CheckBox>True</x264optsFrm_P4x4CheckBox>
    <x264optsFrm_I8x8CheckBox>False</x264optsFrm_I8x8CheckBox>
    <x264optsFrm_P8x8CheckBox>True</x264optsFrm_P8x8CheckBox>
    <x264optsFrm_B8x8CheckBox>True</x264optsFrm_B8x8CheckBox>
    <x264optsFrm_NoiseReductionNumericUpDown>0</x264optsFrm_NoiseReductionNumericUpDown>
    <x264optsFrm_UseaccessunitdelimitersCheckBox>False</x264optsFrm_UseaccessunitdelimitersCheckBox>
    <x264optsFrm_NoDctDecimateCheckBox>True</x264optsFrm_NoDctDecimateCheckBox>
    <x264optsFrm_FakeInterlacedCheckBox>False</x264optsFrm_FakeInterlacedCheckBox>
    <x264optsFrm_BlurayCompatCheckBox>False</x264optsFrm_BlurayCompatCheckBox>
    <x264optsFrm_HRDComboBox>CBR</x264optsFrm_HRDComboBox>
    <x264optsFrm_FullRangeCheckBox>True</x264optsFrm_FullRangeCheckBox>
    <x264optsFrm_ForcePicStructCheckBox>False</x264optsFrm_ForcePicStructCheckBox>
    <x264optsFrm_ColorPrimariesComboBox>bt709</x264optsFrm_ColorPrimariesComboBox>
    <x264optsFrm_TransferComboBox>undefined</x264optsFrm_TransferComboBox>
    <x264optsFrm_ColorMatrixComboBox>bt709</x264optsFrm_ColorMatrixComboBox>
    <x264optsFrm_CCLx264optsTextBox />
    <x264optsFrm_PSNRCheckBox>False</x264optsFrm_PSNRCheckBox>
    <x264optsFrm_SSIMCheckBox>True</x264optsFrm_SSIMCheckBox>
    <MPEG4optsFrm_ThreadsNumericUpDown>0</MPEG4optsFrm_ThreadsNumericUpDown>
    <MPEG4optsFrm_QuantizationTypeComboBox>H.263</MPEG4optsFrm_QuantizationTypeComboBox>
    <MPEG4optsFrm_AdaptiveQuantizationCheckBox>False</MPEG4optsFrm_AdaptiveQuantizationCheckBox>
    <MPEG4optsFrm_InterlacedEncodingCheckBox>False</MPEG4optsFrm_InterlacedEncodingCheckBox>
    <MPEG4optsFrm_GrayscaleCheckBox>False</MPEG4optsFrm_GrayscaleCheckBox>
    <MPEG4optsFrm_TopFieldFirstCheckBox>False</MPEG4optsFrm_TopFieldFirstCheckBox>
    <MPEG4optsFrm__4MotionVectorCheckBox>False</MPEG4optsFrm__4MotionVectorCheckBox>
    <MPEG4optsFrm_QPELCheckBox>False</MPEG4optsFrm_QPELCheckBox>
    <MPEG4optsFrm_GMCCheckBox>False</MPEG4optsFrm_GMCCheckBox>
    <MPEG4optsFrm_AQMaskComboBox>Variance-Masking</MPEG4optsFrm_AQMaskComboBox>
    <MPEG4optsFrm_BFramesCheckBox>False</MPEG4optsFrm_BFramesCheckBox>
    <MPEG4optsFrm_BVOPsNumericUpDown>1</MPEG4optsFrm_BVOPsNumericUpDown>
    <MPEG4optsFrm_ClosedGOPCheckBox>False</MPEG4optsFrm_ClosedGOPCheckBox>
    <MPEG4optsFrm_DownscalesffdBfdCheckBox>False</MPEG4optsFrm_DownscalesffdBfdCheckBox>
    <MPEG4optsFrm_RefinettmvuibmCheckBox>False</MPEG4optsFrm_RefinettmvuibmCheckBox>
    <MPEG4optsFrm_DiamondtsfmeComboBox>SAB(-2)</MPEG4optsFrm_DiamondtsfmeComboBox>
    <MPEG4optsFrm_HQModeComboBox>MBCMP</MPEG4optsFrm_HQModeComboBox>
    <MPEG4optsFrm_FpmcfComboBox>SAD</MPEG4optsFrm_FpmcfComboBox>
    <MPEG4optsFrm_SpmcfComboBox>SAD</MPEG4optsFrm_SpmcfComboBox>
    <MPEG4optsFrm_McfComboBox>SAD</MPEG4optsFrm_McfComboBox>
    <MPEG4optsFrm_IdcfComboBox>SAD</MPEG4optsFrm_IdcfComboBox>
    <MPEG4optsFrm_PmecfComboBox>SAD</MPEG4optsFrm_PmecfComboBox>
    <MPEG4optsFrm_QMinNumericUpDown>2</MPEG4optsFrm_QMinNumericUpDown>
    <MPEG4optsFrm_QMaxNumericUpDown>31</MPEG4optsFrm_QMaxNumericUpDown>
    <MPEG4optsFrm_QDeltaNumericUpDown>3</MPEG4optsFrm_QDeltaNumericUpDown>
    <MPEG4optsFrm_QuantizerCompressionNumericUpDown>0.5</MPEG4optsFrm_QuantizerCompressionNumericUpDown>
    <MPEG4optsFrm_QuantizerBlurNumericUpDown>0.5</MPEG4optsFrm_QuantizerBlurNumericUpDown>
    <MPEG4optsFrm_MaxVBTextBox>0</MPEG4optsFrm_MaxVBTextBox>
    <MPEG4optsFrm_MinVBTextBox>0</MPEG4optsFrm_MinVBTextBox>
    <MPEG4optsFrm_RCBufferSizeTextBox>0</MPEG4optsFrm_RCBufferSizeTextBox>
    <MPEG4optsFrm_TrellisQuantizationCheckBox>False</MPEG4optsFrm_TrellisQuantizationCheckBox>
    <MPEG4optsFrm_DCTalgorithmComboBox>AUTO</MPEG4optsFrm_DCTalgorithmComboBox>
</KiraraSettings>